INSERT INTO MEMBERS VALUES    ('haha','123','김창하','950117','chcna@naver.com','01076794338','profil001.jpg');
INSERT INTO MEMBERS VALUES    ('hoho123','n123123','배정욱','970421','c2hcna@naver.com','01076794338','dldlwo.jpg');
INSERT INTO MEMBERS VALUES    ('hehe123','a123123','김은영','990511','ch1cna@naver.com','01012312311','30855339_974901576006061_40691675508506624_n.jpg');
INSERT INTO MEMBERS VALUES    ('hihi123','y123123','이지은','920127','ch3cna@naver.com','01042412132','changha.jpg');
INSERT INTO MEMBERS VALUES    ('gaga123','d123123','황빛찬','930317','ch3cna@naver.com','01023132111','restmb_jhidxmake.jpg');
INSERT INTO MEMBERS VALUES    ('gigi123','df12345','이규진','940418','ch2cna@naver.com','01032121567','mug_obj_15217789561157558.jpg');
INSERT INTO MEMBERS VALUES    ('gugu123','fd12353','서범석','960117','ch1cna@naver.com','01073562543','wjdtmddn.jpg');
INSERT INTO MEMBERS VALUES    ('guegue123','adf2311','강세일','980111','chcna@naver.com','01075343233','');
INSERT INTO MEMBERS VALUES    ('lele123','adf5488','이민규','920511','chc1na@naver.com','01076524545','');
INSERT INTO MEMBERS VALUES    ('rere123','few9722','성희재','920417','chc32na@naver.com','01048374637','');
INSERT INTO MEMBERS VALUES    ('ahah123','fd7922','김지민','970317','c23cn2a@naver.com','01038382929','');
INSERT INTO MEMBERS VALUES    ('tksk123','aa21318','정승우','980117','3cna@naver.com','01058482616','');
INSERT INTO MEMBERS VALUES    ('dlgh123','df8911','최양록','990117','c321cna@naver.com','01012381111','');
INSERT INTO MEMBERS VALUES    ('elel123','97fa95','이이재','001117','ch32a@naver.com','01048382822','');
INSERT INTO MEMBERS VALUES    ('elsels123','7dd894','정발산','750117','chcna@naver.com','01048381111','');
INSERT INTO MEMBERS VALUES     ('avdf33','123','김창희','000117','chcna@naver.com','01076794338','');
INSERT INTO MEMBERS VALUES     ('dasf342','2415da','배정희','010421','asdf@naver.com','01076732338','');
INSERT INTO MEMBERS VALUES     ('asdvzz123','15164','김은희','020511','adsf@naver.com','01011212311','');
INSERT INTO MEMBERS VALUES     ('vzcver12','adfa35','이지희','030127','vdsa@naver.com','01043212132','');
INSERT INTO MEMBERS VALUES     ('zcvd33','afdf3255','황비희','050317','dfae3@naver.com','01054132111','');
INSERT INTO MEMBERS VALUES     ('zvdv44','adfsa123','이규영','020418','adsf3@naver.com','01054121567','');
INSERT INTO MEMBERS VALUES     ('zvdvd33','abvxv31','서범영','030117','afvv@naver.com','01073652543','');
INSERT INTO MEMBERS VALUES     ('zcvvz11','zvzqq123','강세진','090111','ewqe1@naver.com','01076643233','');
INSERT INTO MEMBERS VALUES     ('zcvv33','anhnf14','이민정','070511','afa33@naver.com','01076774545','');
INSERT INTO MEMBERS VALUES     ('zvcvd55','nbghfg412','이정후','080417','affaf@naver.com','01638374637','');
INSERT INTO MEMBERS VALUES     ('zcvzv23','ncvnc421','이설규','050317','afvvv@naver.com','01038342929','');
INSERT INTO MEMBERS VALUES     ('hhee32','hhyy44','정신우','060117','afa33@naver.com','01058482656','');
INSERT INTO MEMBERS VALUES     ('bbyjy33','sfgr44','최영록','070117','adfaf@naver.com','01012324111','');
INSERT INTO MEMBERS VALUES     ('zvrqr66','afew31','이시우','081117','vvv@naver.com','01048382662','');
INSERT INTO MEMBERS VALUES     ('hghtr33','1234555','정예준','020117','vv33@naver.com','01048323111','');
INSERT INTO MEMBERS VALUES     ('adf3','hb55','최유정','890117','sda@naver.com','01076791238','');
INSERT INTO MEMBERS VALUES     ('vd31','hr55','김도연','850421','gfb5@naver.com','01076324338','');
INSERT INTO MEMBERS VALUES     ('jhk7k','ert22','김은아','840311','bt5@naver.com','01012315411','');
INSERT INTO MEMBERS VALUES     ('gyu6','gre44','한지영','880117','bt4@naver.com','01042412562','');
INSERT INTO MEMBERS VALUES     ('tuuu6','erb44','유한빛','870327','nge3@naver.com','01023143111','');
INSERT INTO MEMBERS VALUES     ('tuj7','ht44','유한솔','840428','tb47@naver.com','01032127667','');
INSERT INTO MEMBERS VALUES     ('tuytu5','ggww2','권지영','861117','va35@naver.com','01073525543','');
INSERT INTO MEMBERS VALUES     ('yuu7','wre44','권애리','870421','va4@naver.com','01075343663','');
INSERT INTO MEMBERS VALUES     ('jyi88','wre33','이정록','880311','v46@naver.com','01076524255','');
INSERT INTO MEMBERS VALUES     ('ry64','wer33','장동건','840417','v13@naver.com','01048374767','');
INSERT INTO MEMBERS VALUES     ('nny565','wr21','이정영','870317','v74@naver.com','01038862929','');
INSERT INTO MEMBERS VALUES     ('hrttr55','ewr44','이경영','880117','da14@naver.com','01053582616','');
INSERT INTO MEMBERS VALUES     ('rre5','werr44','김강우','850117','va34@naver.com','01012388611','');
INSERT INTO MEMBERS VALUES     ('ry35','wr11','조강우','851116','12ff@naver.com','01048382825','');
INSERT INTO MEMBERS VALUES     ('rty33','wer55','지은탁','850317','f315f@naver.com','01048385411','');
INSERT INTO MEMBERS VALUES     ('vser1','hb55','이유경','890417','sda@naver.com','01076791238','');
INSERT INTO MEMBERS VALUES     ('vag44','hr55','이지후','850421','gfb5@naver.com','01076324338','');
INSERT INTO MEMBERS VALUES     ('vdsa55','ert22','이정래','840311','bt5@naver.com','01012315411','');
INSERT INTO MEMBERS VALUES     ('ad33','gre44','황정희','880127','bt4@naver.com','01042412562','');
INSERT INTO MEMBERS VALUES     ('ghsh44','erb44','전희용','870317','nge3@naver.com','01023143111','');
INSERT INTO MEMBERS VALUES     ('hgh555','ht44','이천수','840418','tb47@naver.com','01032127667','');
INSERT INTO MEMBERS VALUES     ('abgff66','ggww2','박주영','860217','va35@naver.com','01073525543','');
INSERT INTO MEMBERS VALUES     ('bggs33','wre44','안정환','870121','va4@naver.com','01075343663','');
INSERT INTO MEMBERS VALUES     ('abb44','wre33','안영희','880521','v46@naver.com','01076524255','');
INSERT INTO MEMBERS VALUES     ('abg55','wer33','장동희','840417','v13@naver.com','01048374767','');
INSERT INTO MEMBERS VALUES     ('bnn55','wr21','이지경','870317','v74@naver.com','01038862929','');
INSERT INTO MEMBERS VALUES     ('advz11','ewr44','이철희','880117','da14@naver.com','01053582616','');
INSERT INTO MEMBERS VALUES     ('dsavb55','werr44','김강희','850117','va34@naver.com','01012388611','');
INSERT INTO MEMBERS VALUES     ('abgb77','wr11','최강희','851117','12ff@naver.com','01048382825','');
INSERT INTO MEMBERS VALUES     ('abbg88','wer55','지천명','850117','f315f@naver.com','01048385411','');
INSERT INTO MEMBERS VALUES     ('zcv3','123','김지영','740117','chcna@naver.com','01076794338','');
INSERT INTO MEMBERS VALUES     ('vt25','n123123','장재영','780421','eqw2hcna@naver.com','01076794338','');
INSERT INTO MEMBERS VALUES     ('bsf4','a123123','정재영','720511','ceqcna@naver.com','01012312311','');
INSERT INTO MEMBERS VALUES     ('dgdb42','y123123','이치후','760127','chasdfcna@naver.com','01042412132','');
INSERT INTO MEMBERS VALUES     ('bsdfy5','d123123','치영희','790317','chasdfna@naver.com','01023132111','');
INSERT INTO MEMBERS VALUES     ('sfdg53','df12345','이유리','760418','ch2adsna@naver.com','01032121567','');
INSERT INTO MEMBERS VALUES     ('bs52','fd12353','이루리','780117','ch1ffa@naver.com','01073562543','');
INSERT INTO MEMBERS VALUES     ('bstr3','adf2311','강서영','720111','chada@naver.com','01075343233','');
INSERT INTO MEMBERS VALUES     ('bvsd65','adf5488','송승환','790511','chad1na@naver.com','01076524545','');
INSERT INTO MEMBERS VALUES     ('bsft66','few9722','송지영','730417','chc32na@naver.com','01048374637','');
INSERT INTO MEMBERS VALUES     ('bh42','fd7922','전혜영','740317','c23dn2a@naver.com','01038382929','');
INSERT INTO MEMBERS VALUES     ('sfg674','aa21318','박하늘','760117','3cna@naver.com','01058482616','');
INSERT INTO MEMBERS VALUES     ('2bst5','df8911','이소연','730117','c321cna@naver.com','01012381111','');
INSERT INTO MEMBERS VALUES     ('bs575','97fa95','이지후','731117','ch32a@naver.com','01048382822','');
INSERT INTO MEMBERS VALUES     ('bs2345','7dd894','이천희','760117','chcna@naver.com','01048381111','');
INSERT INTO MEMBERS VALUES     ('iuiti7','123','이영애','740117','chcna@naver.com','01076794338','');
INSERT INTO MEMBERS VALUES     ('tuyi7','n123123','김후영','780421','c2hcna@naver.com','01076794338','');
INSERT INTO MEMBERS VALUES     ('gku5','a123123','손흥민','720511','ch1cna@naver.com','01012312311','');
INSERT INTO MEMBERS VALUES     ('kgjg9','y123123','이승우','760127','ch3cna@naver.com','01042412132','');
INSERT INTO MEMBERS VALUES     ('kg785','d123123','조현우','790317','ch3cna@naver.com','01023132111','');
INSERT INTO MEMBERS VALUES     ('jkg676','df12345','기성용','760418','ch2cna@naver.com','01032121567','');
INSERT INTO MEMBERS VALUES     ('jgk7','fd12353','황의조','780117','ch1cna@naver.com','01073562543','');
INSERT INTO MEMBERS VALUES     ('gk55','adf2311','황치열','720111','chcna@naver.com','01075343233','');
INSERT INTO MEMBERS VALUES     ('kgh99','adf5488','이지은','790511','chc1na@naver.com','01076524545','');
INSERT INTO MEMBERS VALUES     ('gg676','few9722','황성용','730417','chc32na@naver.com','01048374637','');
INSERT INTO MEMBERS VALUES     ('kgjk99','fd7922','손승우','740317','c23cn2a@naver.com','01038382929','');
INSERT INTO MEMBERS VALUES     ('gk5','aa21318','정승우','760117','3cna@naver.com','01058482616','');
INSERT INTO MEMBERS VALUES     ('gjk99','df8911','황희찬','730117','c321cna@naver.com','01012381111','');
INSERT INTO MEMBERS VALUES     ('jgk88','97fa95','이을용','731117','ch32a@naver.com','01048382822','');
INSERT INTO MEMBERS VALUES     ('gjkg55','7dd894','박항서','760117','chcna@naver.com','01048381111','');
INSERT INTO MEMBERS VALUES     ('gk51235','123','박이용','740117','chcna@naver.com','01076794338','');
INSERT INTO MEMBERS VALUES     ('gkgk88','n123123','박정래','780421','c2hcna@naver.com','01076794338','');
INSERT INTO MEMBERS VALUES     ('gkg55','a123123','김영희','720511','ch1cna@naver.com','01012312311','');
INSERT INTO MEMBERS VALUES     ('g46gh','y123123','정성희','760127','ch3cna@naver.com','01042412132','');
INSERT INTO MEMBERS VALUES     ('fd3ds','d123123','박영수','790317','ch3cna@naver.com','01023132111','');
INSERT INTO MEMBERS VALUES     ('1dfa4','df12345','박희영','760418','ch2cna@naver.com','01032121567','');
INSERT INTO MEMBERS VALUES     ('af6sd','fd12353','김선휘','780117','ch1cna@naver.com','01073562543','');
INSERT INTO MEMBERS VALUES     ('gs77','adf2311','박영자','720111','chcna@naver.com','01075343233','');
INSERT INTO MEMBERS VALUES     ('ss42','adf5488','박지영','790511','chc1na@naver.com','01076524545','');
INSERT INTO MEMBERS VALUES     ('bsfstd66','few9722','박천희','730417','chc32na@naver.com','01048374637','');
INSERT INTO MEMBERS VALUES     ('fa34','fd7922','박이수','740317','c23cn2a@naver.com','01038382929','');
INSERT INTO MEMBERS VALUES     ('gg55','aa21318','조아라','760117','3cna@naver.com','01058482616','');
INSERT INTO MEMBERS VALUES     ('a214','df8911','조영희','730117','c321cna@naver.com','01012381111','');
INSERT INTO MEMBERS VALUES     ('afav55','97fa95','이철용','731627','ch32a@naver.com','01048382822','');
INSERT INTO MEMBERS VALUES     ('avb635','7dd894','이영희','760217','chcna@naver.com','01048381111','');
INSERT INTO MEMBERS VALUES     ('a3va','adf5488','이은지','790511','chc1na@naver.com','01076524545','');
INSERT INTO MEMBERS VALUES     ('h52','few9722','황영성','730227','chc32na@naver.com','01048374637','');
INSERT INTO MEMBERS VALUES     ('324gs','fd7922','손우승','740311','c23cn2a@naver.com','01038382929','');
INSERT INTO MEMBERS VALUES     ('f3452','aa21318','정희정','760114','3cna@naver.com','01058482616','');
INSERT INTO MEMBERS VALUES     ('452vv','df8911','황찬희','730515','c321cna@naver.com','01012381111','');
INSERT INTO MEMBERS VALUES     ('678gs','97fa95','이용희','731617','ch32a@naver.com','01048382822','');
INSERT INTO MEMBERS VALUES     ('267yff','7dd894','박서인','761217','chcna@naver.com','01048381111','');
INSERT INTO MEMBERS VALUES     ('7334df','123','박용희','740117','chcna@naver.com','01076794338','');
INSERT INTO MEMBERS VALUES     ('gk73gk88','n123123','박정태','781221','c2hcna@naver.com','01076794338','');
INSERT INTO MEMBERS VALUES     ('fsdg67','a123123','김종범','721211','ch1cna@naver.com','01012312311','');
INSERT INTO MEMBERS VALUES     ('g4da36gh','y123123','정정희','761227','ch3cna@naver.com','01042412132','');
INSERT INTO MEMBERS VALUES     ('fdd23ds','d123123','박영철','791117','ch3cna@naver.com','01023132111','');
INSERT INTO MEMBERS VALUES     ('vasd31','df12345','박정태','761118','ch2cna@naver.com','01032121567','');
INSERT INTO MEMBERS VALUES     ('ava3f6sd','fd12353','김태희','781117','ch1cna@naver.com','01073562543','');
INSERT INTO MEMBERS VALUES     ('gd141s77','adf2311','박범희','720111','chcna@naver.com','01075343233','');
INSERT INTO MEMBERS VALUES     ('saf5s42','adf5488','박범영','790511','chc1na@naver.com','01076524545','');
INSERT INTO MEMBERS VALUES     ('bsf324std66','few9722','지용희','730417','chc32na@naver.com','01048374637','');
INSERT INTO MEMBERS VALUES     ('fava334','fd7922','박용희','740317','c23cn2a@naver.com','01038382929','');
INSERT INTO MEMBERS VALUES     ('ggda3155','aa21318','최동원','760117','3cna@naver.com','01058482616','');
INSERT INTO MEMBERS VALUES     ('a2v34114','df8911','최영희','730117','c321cna@naver.com','01012381111','');
INSERT INTO MEMBERS VALUES     ('afva31av55','97fa95','치철용','731117','ch32a@naver.com','01048382822','');
INSERT INTO MEMBERS VALUES     ('avbv14635','7dd894','이치희','760117','chcna@naver.com','01048381111','');
INSERT INTO MEMBERS VALUES     ('vda43','123','김지영','620117','chcna@naver.com','01076794338','');
INSERT INTO MEMBERS VALUES     ('baf3','n123123','장재영','680421','c2hcna@naver.com','01076794338','');
INSERT INTO MEMBERS VALUES     ('nng32','a123123','정재영','690511','ch1cna@naver.com','01012312311','');
INSERT INTO MEMBERS VALUES     ('nng3','y123123','이치후','680127','ch3cna@naver.com','01042412132','');
INSERT INTO MEMBERS VALUES     ('ahr3','d123123','치영희','670317','ch3cna@naver.com','01023132111','');
INSERT INTO MEMBERS VALUES     ('sbf55','df12345','이유리','630418','ch2cna@naver.com','01032121567','');
INSERT INTO MEMBERS VALUES     ('vaba44','fd12353','이루리','620117','ch1cna@naver.com','01073562543','');
INSERT INTO MEMBERS VALUES     ('babg44','adf2311','강서영','690111','chcna@naver.com','01075343233','');
INSERT INTO MEMBERS VALUES     ('ange44','adf5488','송승환','670511','chc1na@naver.com','01076524545','');
INSERT INTO MEMBERS VALUES     ('abgfg66','few9722','송지영','680417','chc32na@naver.com','01048374637','');
INSERT INTO MEMBERS VALUES     ('abfg44','fd7922','전혜영','660317','c23cn2a@naver.com','01038382929','');
INSERT INTO MEMBERS VALUES     ('avad11','aa21318','박하늘','630117','3cna@naver.com','01058482616','');
INSERT INTO MEMBERS VALUES     ('dafhh44','df8911','이소연','640117','c321cna@naver.com','01012381111','');
INSERT INTO MEMBERS VALUES     ('abfs44','97fa95','이지후','691117','ch32a@naver.com','01048382822','');
INSERT INTO MEMBERS VALUES     ('ahhtt33','7dd894','이천희','680117','chcna@naver.com','01048381111','');
INSERT INTO MEMBERS VALUES     ('vdsdaa43','123','이정록','620117','chcna@naver.com','01076794338','');
INSERT INTO MEMBERS VALUES     ('baf3213','n123123','장영재','680421','c2hcna@naver.com','01076794338','');
INSERT INTO MEMBERS VALUES     ('nngadf432','a123123','정지용','690511','ch1cna@naver.com','01012312311','');
INSERT INTO MEMBERS VALUES     ('nngda33','y123123','이후철','680127','ch3cna@naver.com','01042412132','');
INSERT INTO MEMBERS VALUES     ('ahrad413','d123123','치천희','670317','ch3cna@naver.com','01023132111','');
INSERT INTO MEMBERS VALUES     ('sbf5da15','df12345','이유정','630418','ch2cna@naver.com','01032121567','');
INSERT INTO MEMBERS VALUES     ('vaba4dfa34','fd12353','김정록','620117','ch1cna@naver.com','01073562543','');
INSERT INTO MEMBERS VALUES     ('babg4adf14','adf2311','도서영','620111','chcna@naver.com','01075343233','');
INSERT INTO MEMBERS VALUES     ('angevba344','adf5488','도승환','670511','chc1na@naver.com','01076524545','');
INSERT INTO MEMBERS VALUES     ('abgfgva366','few9722','도지영','680417','chc32na@naver.com','01048374637','');
INSERT INTO MEMBERS VALUES     ('abfg4a144','fd7922','변혜영','610317','c23cn2a@naver.com','01038382929','');
INSERT INTO MEMBERS VALUES     ('avabs3d11','aa21318','변하늘','630117','3cna@naver.com','01058482616','');
INSERT INTO MEMBERS VALUES     ('dafhhaf344','df8911','변소연','640117','c321cna@naver.com','01012381111','');
INSERT INTO MEMBERS VALUES     ('abfsav344','97fa95','정지후','691117','ch32a@naver.com','01048382822','');
INSERT INTO MEMBERS VALUES     ('ahhttad133','7dd894','박천희','680117','chcna@naver.com','01048381111','');
INSERT INTO MEMBERS VALUES     ('vda4bb33','123','정지영','620117','chcna@naver.com','01076794338','');
INSERT INTO MEMBERS VALUES     ('bafag33','n123123','현재영','680421','c2hcna@naver.com','01076794338','');
INSERT INTO MEMBERS VALUES     ('nng1432','a123123','현철영','690511','ch1cna@naver.com','01012312311','');
INSERT INTO MEMBERS VALUES     ('nnga213','y123123','현치후','680127','ch3cna@naver.com','01042412132','');
INSERT INTO MEMBERS VALUES     ('ahrbd3','d123123','현영희','670317','ch3cna@naver.com','01023132111','');
INSERT INTO MEMBERS VALUES     ('sbf5455','df12345','현유리','630418','ch2cna@naver.com','01032121567','');
INSERT INTO MEMBERS VALUES     ('vabaab44','fd12353','남궁루리','620117','ch1cna@naver.com','01073562543','');
INSERT INTO MEMBERS VALUES     ('babg14144','adf2311','백서영','690111','chcna@naver.com','01075343233','');
INSERT INTO MEMBERS VALUES     ('anggbe44','adf5488','백승환','670511','chc1na@naver.com','01076524545','');
INSERT INTO MEMBERS VALUES     ('abgfafg66','few9722','백지영','680417','chc32na@naver.com','01048374637','');
INSERT INTO MEMBERS VALUES     ('abfg444','fd7922','백혜영','660317','c23cn2a@naver.com','01038382929','');
INSERT INTO MEMBERS VALUES     ('avaadd11','aa21318','백하늘','630117','3cna@naver.com','01058482616','');
INSERT INTO MEMBERS VALUES     ('dafh1h44','df8911','백소연','640117','c321cna@naver.com','01012381111','');
INSERT INTO MEMBERS VALUES     ('abfs3444','97fa95','백지후','691117','ch32a@naver.com','01048382822','');
INSERT INTO MEMBERS VALUES     ('ahh134tt33','7dd894','백천희','680117','chcna@naver.com','01048381111','');
INSERT INTO MEMBERS VALUES      ('abffdsa144','fd7922','노주현','560317','c2d3cn2a@naver.com','01038382929','');
INSERT INTO MEMBERS VALUES      ('avab123d11','aa21318','이순재','590117','3cana@naver.com','01058482616','');
INSERT INTO MEMBERS VALUES      ('daadhaf344','df8911','신성우','540117','c3d21cna@naver.com','01012381111','');
INSERT INTO MEMBERS VALUES      ('abfaav344','97fa95','나문희','591117','ch3f2a@naver.com','01048382822','');
INSERT INTO MEMBERS VALUES      ('aha21tad133','7dd894','신구','580117','chcsna@naver.com','01048381111','');
INSERT INTO MEMBERS VALUES      ('vdafdab33','123','김주협','520117','chscna@naver.com','01076794338','');
INSERT INTO MEMBERS VALUES      ('baw1g33','n123123','이수일','580421','c2h2cna@naver.com','01076794338','');
INSERT INTO MEMBERS VALUES      ('nnd1432','a123123','신성우','590511','ch1cana@naver.com','01012312311','');
INSERT INTO MEMBERS VALUES      ('nncv213','y123123','이철희','580127','ch3cana@naver.com','01042412132','');
INSERT INTO MEMBERS VALUES      ('ah13d3','d123123','도재욱','570317','ch3fcna@naver.com','01023132111','');
INSERT INTO MEMBERS VALUES      ('sbza455','df12345','도정래','530418','ch2vcna@naver.com','01032121567','');
INSERT INTO MEMBERS VALUES      ('vare2ab44','fd12353','남궁민수','520117','chd1cna@naver.com','01073562543','');
INSERT INTO MEMBERS VALUES      ('baadf114144','adf2311','신정록','590111','chacna@naver.com','01075343233','');
INSERT INTO MEMBERS VALUES      ('ang3ee44','adf5488','김정영','570511','chc11na@naver.com','01076524545','');
INSERT INTO MEMBERS VALUES      ('abgfavfg66','few9722','백순자','580417','ch3c32na@naver.com','01048374637','');
INSERT INTO MEMBERS VALUES      ('abfgad44','fd7922','백용희','560317','c232cn2a@naver.com','01038382929','');
INSERT INTO MEMBERS VALUES      ('a123vaadd11','aa21318','백주영','530117','d3cna@naver.com','01058482616','');
INSERT INTO MEMBERS VALUES      ('dafh1h4442','df8911','백철용','540117','c3a21cna@naver.com','01012381111','');
INSERT INTO MEMBERS VALUES      ('abgsd444','97fa95','백민수','591117','chd32a@naver.com','01048382822','');
INSERT INTO MEMBERS VALUES      ('ahfa134tt33','7dd894','김천수','580117','chcnaa@naver.com','01048381111','');
INSERT INTO MEMBERS VALUES      ('ang213be44','adf5488','백지환','970511','chc1na@naver.com','01076524545','');
INSERT INTO MEMBERS VALUES      ('abgf34g66','few9722','백희영','980417','chc32na@naver.com','01048374637','');
INSERT INTO MEMBERS VALUES      ('abfg54344','fd7922','백지영','960317','c23cn2a@naver.com','01038382929','');
INSERT INTO MEMBERS VALUES      ('avaa1211','aa21318','백노을','930117','3cna@naver.com','01058482616','');
INSERT INTO MEMBERS VALUES      ('dafh344h44','df8911','백소희','940117','c321cna@naver.com','01012381111','');
INSERT INTO MEMBERS VALUES      ('abfs325244','97fa95','백전영','991117','ch32a@naver.com','01048382822','');
INSERT INTO MEMBERS VALUES      ('ahh13465433','7dd894','백영희','980117','chcna@naver.com','01048381111','');
INSERT INTO MEMBERS VALUES       ('abffd234a144','fd7922','노순재','960317','c2d3cn2a@naver.com','01038382929','');
INSERT INTO MEMBERS VALUES       ('ava31423d11','aa21318','이정현','990117','3cana@naver.com','01058482616','');
INSERT INTO MEMBERS VALUES       ('da234af344','df8911','신재복','940117','c3d21cna@naver.com','01012381111','');
INSERT INTO MEMBERS VALUES       ('ab45av344','97fa95','나나영','991117','ch3f2a@naver.com','01048382822','');
INSERT INTO MEMBERS VALUES       ('ah1231tad133','7dd894','신신영','980117','chcsna@naver.com','01048381111','');
INSERT INTO MEMBERS VALUES       ('vda45ab33','123','김주희','920117','chscna@naver.com','01076794338','');
INSERT INTO MEMBERS VALUES       ('baw1g5433','n123123','이수화','980421','c2h2cna@naver.com','01076794338','');
INSERT INTO MEMBERS VALUES       ('nnd164332','a123123','신성정','990511','ch1cana@naver.com','01012312311','');
INSERT INTO VISITOR(VISITID,VISITTIME) VALUES  ('asdsa','2019-05-01');
INSERT INTO VISITOR(VISITID,VISITTIME) VALUES  ('dsd13','2019-05-01');
INSERT INTO VISITOR(VISITID,VISITTIME) VALUES  ('asdd11','2019-05-01');
INSERT INTO VISITOR(VISITID,VISITTIME) VALUES  ('wdac2','2019-05-01');
INSERT INTO VISITOR(VISITID,VISITTIME) VALUES  ('sad14','2019-05-01');
INSERT INTO VISITOR(VISITID,VISITTIME) VALUES  ('vfds31','2019-05-02');
INSERT INTO VISITOR(VISITID,VISITTIME) VALUES  ('123dd','2019-05-02');
INSERT INTO VISITOR(VISITID,VISITTIME) VALUES  ('dvz31','2019-05-02');
INSERT INTO VISITOR(VISITID,VISITTIME) VALUES  ('dac33','2019-05-02');
INSERT INTO VISITOR(VISITID,VISITTIME) VALUES  ('csd123','2019-05-02');
INSERT INTO VISITOR(VISITID,VISITTIME) VALUES  ('dcsa2','2019-05-02');
INSERT INTO VISITOR(VISITID,VISITTIME) VALUES  ('cda44','2019-05-03');
INSERT INTO VISITOR(VISITID,VISITTIME) VALUES  ('ccs2','2019-05-03');
INSERT INTO VISITOR(VISITID,VISITTIME) VALUES  ('cas55','2019-05-03');
INSERT INTO VISITOR(VISITID,VISITTIME) VALUES  ('davva44','2019-05-03');
INSERT INTO VISITOR(VISITID,VISITTIME) VALUES  ('2131dd','2019-05-03');
INSERT INTO VISITOR(VISITID,VISITTIME) VALUES  ('sada3','2019-05-04');
INSERT INTO VISITOR(VISITID,VISITTIME) VALUES  ('ad31','2019-05-04');
INSERT INTO VISITOR(VISITID,VISITTIME) VALUES  ('cas33','2019-05-04');
INSERT INTO VISITOR(VISITID,VISITTIME) VALUES  ('vasd33','2019-05-04');
INSERT INTO VISITOR(VISITID,VISITTIME) VALUES  ('sdas','2019-05-04');
INSERT INTO VISITOR(VISITID,VISITTIME) VALUES  ('dsad33','2019-05-05');
INSERT INTO VISITOR(VISITID,VISITTIME) VALUES  ('sadasd44','2019-05-05');
INSERT INTO VISITOR(VISITID,VISITTIME) VALUES  ('2131dd','2019-05-06');
INSERT INTO VISITOR(VISITID,VISITTIME) VALUES  ('123cc','2019-05-06');
INSERT INTO VISITOR(VISITID,VISITTIME) VALUES  ('dsad44','2019-05-06');
INSERT INTO VISITOR(VISITID,VISITTIME) VALUES  ('cas22','2019-05-06');
INSERT INTO VISITOR(VISITID,VISITTIME) VALUES  ('caaa2','2019-05-06');
INSERT INTO VISITOR(VISITID,VISITTIME) VALUES  ('aweq22','2019-05-06');
INSERT INTO VISITOR(VISITID,VISITTIME) VALUES  ('dca22','2019-05-06');
INSERT INTO VISITOR(VISITID,VISITTIME) VALUES  ('ac1','2019-05-06');
INSERT INTO VISITOR(VISITID,VISITTIME) VALUES  ('cas44','2019-05-06');
INSERT INTO VISITOR(VISITID,VISITTIME) VALUES  ('csa221','2019-05-07');
INSERT INTO VISITOR(VISITID,VISITTIME) VALUES  ('casc33','2019-05-07');
INSERT INTO VISITOR(VISITID,VISITTIME) VALUES  ('cas55','2019-05-07');
INSERT INTO VISITOR(VISITID,VISITTIME) VALUES  ('cas455','2019-05-07');
INSERT INTO VISITOR(VISITID,VISITTIME) VALUES  ('cas11','2019-05-06');
INSERT INTO VISITOR(VISITID,VISITTIME) VALUES  ('cas55','2019-05-06');
INSERT INTO VISITOR(VISITID,VISITTIME) VALUES  ('cas11','2019-05-06');
INSERT INTO VISITOR(VISITID,VISITTIME) VALUES  ('cas6','2019-05-05');
INSERT INTO VISITOR(VISITID,VISITTIME) VALUES  ('cas77','2019-05-04');
INSERT INTO VISITOR(VISITID,VISITTIME) VALUES  ('ca11','2019-05-04');
INSERT INTO VISITOR(VISITID,VISITTIME) VALUES  ('g77','2019-05-05');
INSERT INTO VISITOR(VISITID,VISITTIME) VALUES  ('d73sd','2019-05-05');
INSERT INTO VISITOR(VISITID,VISITTIME) VALUES  ('asd13','2019-05-04');
INSERT INTO VISITOR(VISITID,VISITTIME) VALUES  ('cvav66','2019-05-03');
INSERT INTO VISITOR(VISITID,VISITTIME) VALUES  ('vav7','2019-05-03');
INSERT INTO VISITOR(VISITID,VISITTIME) VALUES  ('asdsa','2019-05-01');
INSERT INTO VISITOR(VISITID,VISITTIME) VALUES  ('dsd13','2019-05-01');
INSERT INTO VISITOR(VISITID,VISITTIME) VALUES  ('asdd11','2019-05-01');
INSERT INTO VISITOR(VISITID,VISITTIME) VALUES  ('wdac2','2019-05-01');
INSERT INTO VISITOR(VISITID,VISITTIME) VALUES  ('sad14','2019-05-01');
INSERT INTO VISITOR(VISITID,VISITTIME) VALUES  ('vfds31','2019-05-02');
INSERT INTO VISITOR(VISITID,VISITTIME) VALUES  ('123dd','2019-05-02');
INSERT INTO VISITOR(VISITID,VISITTIME) VALUES  ('dvz31','2019-05-02');
INSERT INTO VISITOR(VISITID,VISITTIME) VALUES  ('dac33','2019-05-02');
INSERT INTO VISITOR(VISITID,VISITTIME) VALUES  ('csd123','2019-05-02');
INSERT INTO VISITOR(VISITID,VISITTIME) VALUES  ('dcsa2','2019-05-02');
INSERT INTO VISITOR(VISITID,VISITTIME) VALUES  ('cda44','2019-05-03');
INSERT INTO VISITOR(VISITID,VISITTIME) VALUES  ('ccs2','2019-05-03');
INSERT INTO VISITOR(VISITID,VISITTIME) VALUES  ('cas55','2019-05-03');
INSERT INTO VISITOR(VISITID,VISITTIME) VALUES  ('davva44','2019-05-03');
INSERT INTO VISITOR(VISITID,VISITTIME) VALUES  ('2131dd','2019-05-03');
INSERT INTO VISITOR(VISITID,VISITTIME) VALUES  ('sada3','2019-05-04');
INSERT INTO VISITOR(VISITID,VISITTIME) VALUES  ('ad31','2019-05-04');
INSERT INTO VISITOR(VISITID,VISITTIME) VALUES  ('cas33','2019-05-04');
INSERT INTO VISITOR(VISITID,VISITTIME) VALUES  ('vasd33','2019-05-04');
INSERT INTO VISITOR(VISITID,VISITTIME) VALUES  ('sdas','2019-05-04');
INSERT INTO VISITOR(VISITID,VISITTIME) VALUES  ('dsad33','2019-05-05');
INSERT INTO VISITOR(VISITID,VISITTIME) VALUES  ('sadasd44','2019-05-05');
INSERT INTO VISITOR(VISITID,VISITTIME) VALUES  ('2131dd','2019-05-06');
INSERT INTO VISITOR(VISITID,VISITTIME) VALUES  ('123cc','2019-05-06');
INSERT INTO VISITOR(VISITID,VISITTIME) VALUES  ('dsad44','2019-05-06');
INSERT INTO VISITOR(VISITID,VISITTIME) VALUES  ('cas22','2019-05-06');
INSERT INTO VISITOR(VISITID,VISITTIME) VALUES  ('caaa2','2019-05-06');
INSERT INTO VISITOR(VISITID,VISITTIME) VALUES  ('aweq22','2019-05-06');
INSERT INTO VISITOR(VISITID,VISITTIME) VALUES  ('dca22','2019-05-06');
INSERT INTO VISITOR(VISITID,VISITTIME) VALUES  ('ac1','2019-05-06');
INSERT INTO VISITOR(VISITID,VISITTIME) VALUES  ('cas44','2019-05-06');
INSERT INTO VISITOR(VISITID,VISITTIME) VALUES  ('csa221','2019-05-07');
INSERT INTO VISITOR(VISITID,VISITTIME) VALUES  ('casc33','2019-05-07');
INSERT INTO VISITOR(VISITID,VISITTIME) VALUES  ('cas55','2019-05-07');
INSERT INTO VISITOR(VISITID,VISITTIME) VALUES  ('cas455','2019-05-07');
INSERT INTO VISITOR(VISITID,VISITTIME) VALUES  ('cas11','2019-05-06');
INSERT INTO VISITOR(VISITID,VISITTIME) VALUES  ('cas55','2019-05-06');
INSERT INTO VISITOR(VISITID,VISITTIME) VALUES  ('cas11','2019-05-06');
INSERT INTO VISITOR(VISITID,VISITTIME) VALUES  ('cas6','2019-05-05');
INSERT INTO VISITOR(VISITID,VISITTIME) VALUES  ('cas77','2019-05-04');
INSERT INTO VISITOR(VISITID,VISITTIME) VALUES  ('ca11','2019-05-04');
INSERT INTO VISITOR(VISITID,VISITTIME) VALUES  ('g77','2019-05-05');
INSERT INTO VISITOR(VISITID,VISITTIME) VALUES  ('d73sd','2019-05-05');
INSERT INTO VISITOR(VISITID,VISITTIME) VALUES  ('asd13','2019-05-04');
INSERT INTO VISITOR(VISITID,VISITTIME) VALUES  ('cvav66','2019-05-03');
INSERT INTO VISITOR(VISITID,VISITTIME) VALUES  ('vav7','2019-05-03');
INSERT INTO VISITOR(VISITID,VISITTIME) VALUES  ('asdsa','2019-04-29');
INSERT INTO VISITOR(VISITID,VISITTIME) VALUES  ('dsd13','2019-04-29');
INSERT INTO VISITOR(VISITID,VISITTIME) VALUES  ('asdd11','2019-04-29');
INSERT INTO VISITOR(VISITID,VISITTIME) VALUES  ('wdac2','2019-04-29');
INSERT INTO VISITOR(VISITID,VISITTIME) VALUES  ('sad14','2019-04-29');
INSERT INTO VISITOR(VISITID,VISITTIME) VALUES  ('vfds31','2019-04-29');
INSERT INTO VISITOR(VISITID,VISITTIME) VALUES  ('123dd','2019-04-30');
INSERT INTO VISITOR(VISITID,VISITTIME) VALUES  ('dvz31','2019-04-30');
INSERT INTO VISITOR(VISITID,VISITTIME) VALUES  ('dac33','2019-04-30');
INSERT INTO VISITOR(VISITID,VISITTIME) VALUES  ('csd123','2019-04-30');
INSERT INTO VISITOR(VISITID,VISITTIME) VALUES  ('dcsa2','2019-04-30');
INSERT INTO VISITOR(VISITID,VISITTIME) VALUES  ('cda44','2019-04-30');
INSERT INTO VISITOR(VISITID,VISITTIME) VALUES  ('ccs2','2019-04-30');
INSERT INTO VISITOR(VISITID,VISITTIME) VALUES  ('cas55','2019-04-30');
INSERT INTO VISITOR(VISITID,VISITTIME) VALUES  ('davva44','2019-04-30');
INSERT INTO VISITOR(VISITID,VISITTIME) VALUES  ('2131dd','2019-04-30');
INSERT INTO VISITOR(VISITID,VISITTIME) VALUES  ('sada3','2019-04-30');
INSERT INTO VISITOR(VISITID,VISITTIME) VALUES  ('ad31','2019-04-30');
INSERT INTO VISITOR(VISITID,VISITTIME) VALUES  ('cas33','2019-04-30');
INSERT INTO VISITOR(VISITID,VISITTIME) VALUES  ('vasd33','2019-04-30');
INSERT INTO VISITOR(VISITID,VISITTIME) VALUES  ('sdas','2019-04-30');
INSERT INTO VISITOR(VISITID,VISITTIME) VALUES  ('dsad33','2019-04-30');
INSERT INTO FOLLOWERS(folloid, mid) VALUES('hoho123','ahah123');
INSERT INTO FOLLOWERS(folloid, mid) VALUES('ahah123','hoho123');
INSERT INTO COMMENTS(titleseq, comm, comid)  VALUES('12','야경잘보고가요~','ahah123');
INSERT INTO COMMENTS(titleseq, comm, comid)  VALUES('12','너무좋네요 자주 뵈요~','hehe123');
INSERT INTO COMMENTS(titleseq, comm, comid)  VALUES('12','너무이쁘다!~','haha');
INSERT INTO COMMENTS(titleseq, comm, comid)  VALUES('16','인친해요~','haha');
INSERT INTO COMMENTS( titleseq, comm, comid) VALUES('1','첫번째  댓글입니다.','elel123');
INSERT INTO COMMENTS( titleseq, comm, comid) VALUES('1','두번째  댓글입니다.','hehe123');
INSERT INTO COMMENTS( titleseq, comm, comid) VALUES('1','세번째  댓글입니다.','haha');
INSERT INTO COMMENTS( titleseq, comm, comid) VALUES('1','네번째  댓글입니다.','lele123');
INSERT INTO COMMENTS( titleseq, comm, comid) VALUES('1','다섯째  댓글입니다.','tksk123');
INSERT INTO COMMENTS( titleseq, comm, comid)  VALUES('1','여섯번째 댓글입니다.','elel123');
INSERT INTO POSTTAG(artseq, tagname) VALUES('1','해돋이');
INSERT INTO POSTTAG(artseq, tagname)  VALUES('1','태양을피하고싶어서');
INSERT INTO POSTTAG(artseq, tagname) VALUES('2','야경!!');
INSERT INTO PRODUCTS (PRONUM, PRONAME, PRICE, COMPANY, ADDRESS,    CATEGORY, PROIMG, REGIDATE, FISHNAME, PHONE, LAT, LNG)
VALUES(1000,'테스트용','50000','낚어호','서울시 마포구 신촌대로    비트캠프','바다낚시','joy.jpg', '2019-04-30',   '광어/우럭','010-1111-1111','37.552657','126.937770');
INSERT INTO PRODUCTS (PRONAME, PRICE, COMPANY, ADDRESS,   CATEGORY,  PROIMG, REGIDATE, FISHNAME, PHONE, LAT, LNG)
VALUES('체험낚시(3시간 3부)','70000','현대로얄호','제주특별자치도 서귀포시   칠십리로 72번길 14','바다낚시','joy.jpg',   '2019-04-30','광어/우럭','010-7757-4254','33.239466','126.565472');
INSERT INTO PRODUCTS (PRONAME, PRICE, COMPANY, ADDRESS,   CATEGORY,  PROIMG, REGIDATE, FISHNAME, PHONE, LAT, LNG)
VALUES('체험낚시(3시간 3부)','15000','천일호','제주특별자치도 서귀포시  칠십리로  72번길 14','바다낚시','joy.jpg',   '2019-04-30','우럭/노래미/쥐치','010-5488-4211','33.239466','126.565472');
INSERT INTO PRODUCTS ( PRONAME, PRICE, COMPANY, ADDRESS,   CATEGORY,  PROIMG, REGIDATE, FISHNAME, PHONE, LAT, LNG)
VALUES('체험낚시(5부)','20000','이호털보뉴마린호','제주특별자치도 제주시   태우해안로 146','바다낚시','joy.jpg',   '2019-04-30','우럭/노래미/쥐치','010-6588-4522','33.239466','126.565472');
INSERT INTO PRODUCTS (PRONAME, PRICE, COMPANY, ADDRESS,   CATEGORY,  PROIMG, REGIDATE, FISHNAME, PHONE, LAT, LNG)
VALUES('체험낚시 (5부)','12000','원일2호','제주특별자치도 제주시     468.5KM','바다낚시','joy.jpg',   '2019-04-30','고등어/우럭/볼락','010-5111-7484','33.239466','126.565472');
INSERT INTO PRODUCTS ( PRONAME, PRICE, COMPANY, ADDRESS,   CATEGORY,  PROIMG, REGIDATE, FISHNAME, PHONE, LAT, LNG)
VALUES('1박2일 추자도권','150000','반도낚시호','제주특별자치도 제주시 추자로     46','바다낚시','joy.jpg',   '2019-04-30','참돔/감성돔/농어','010-5845-6548','33.239466','126.565472');
INSERT INTO PRODUCTS (PRONAME, PRICE, COMPANY, ADDRESS,   CATEGORY,  PROIMG, REGIDATE, FISHNAME, PHONE, LAT, LNG)
VALUES('일반투어60분','40000','DONPAPA','제주특별자치도 제주시     443.6KM','바다낚시','joy.jpg',   '2019-04-30','참돔/감성돔','010-5842-3512','33.239466','126.565472');
INSERT INTO PRODUCTS ( PRONAME, PRICE, COMPANY, ADDRESS,   CATEGORY,  PROIMG, REGIDATE, FISHNAME, PHONE, LAT, LNG)
VALUES('프라이빗 투어(70분)','300000','샹그릴라요트0호','제주특별자치도  서귀포시  중문관광로 154-17','바다낚시','joy.jpg',   '2019-04-30','참돔/감성돔','010-6515-3251','33.239466','126.565472');
INSERT INTO PRODUCTS (PRONAME, PRICE, COMPANY, ADDRESS,   CATEGORY,  PROIMG, REGIDATE, FISHNAME, PHONE, LAT, LNG)
VALUES('제트보트','18000','제주제트','제주특별자치도 서귀포시 대포로    172-5','바다낚시','joy.jpg',   '2019-04-30','오징어','010-2585-6512','33.239466','126.565472');
INSERT INTO PRODUCTS (PRONAME, PRICE, COMPANY, ADDRESS,   CATEGORY,  PROIMG, REGIDATE, FISHNAME, PHONE, LAT, LNG)
VALUES('체험낚시(독배)','300000','추자피싱랜드호','제주특별자치도  제주시 추자로  445','바다낚시','joy.jpg',  '2019-04-30','볼락/열기/돌돔','010-6515-7545','33.239466','126.565472');
INSERT INTO PRODUCTS (PRONAME, PRICE, COMPANY, ADDRESS,   CATEGORY,  PROIMG, REGIDATE, FISHNAME, PHONE, LAT, LNG)
VALUES('참돔/옥돔 타이라바','100000','블랙터틀호','제주특별자치도 제주시  애월읍  애월해안로 65','바다낚시','joy.jpg',   '2019-04-30','참돔','010-6575-9485','33.239466','126.565472');
INSERT INTO FOLLOWERS(folloid, mid) VALUES('gigi123','haha');
INSERT INTO FOLLOWERS(folloid, mid) VALUES('haha','gigi123');
INSERT INTO FOLLOWERS(folloid, mid) VALUES('haha','hehe123');
INSERT INTO FOLLOWERS(folloid, mid) VALUES('haha','gigi123');
INSERT INTO ARTICLES(content, artdate, artphoto, extension, mid)  VALUES('태양','2019-02-01','1001', 'jpg', 'gigi123');
INSERT INTO ARTICLES(content, artdate, artphoto, extension, mid)  VALUES('해운대앞바다~','2019-02-05','1002', 'jpg', 'gigi123');
INSERT INTO ARTICLES(content, artdate, artphoto, extension, mid)  VALUES('송정해수욕장!!','2019-02-09','1003', 'jpg', 'gigi123');
INSERT INTO ARTICLES(content, artdate, artphoto, extension, mid)  VALUES('스테이끼','2019-02-11','1004', 'jpg', 'gigi123');
INSERT INTO ARTICLES(content, artdate, artphoto, extension, mid)  VALUES('강아지귀여워','2019-03-06','1005', 'jpg', 'gigi123');
INSERT INTO ARTICLES(content, artdate, artphoto, extension, mid)  VALUES('끼룩끼룩','2019-03-09','1006', 'jpg', 'hehe123');
INSERT INTO ARTICLES(content, artdate, artphoto, extension, mid)  VALUES('러버덕덕덕덕 석촌호수 오리','2019-03-21','1007', 'jpg', 'hehe123');
INSERT INTO ARTICLES(content, artdate, artphoto, extension, mid)  VALUES('신형소나타인가?','2019-03-21','1008', 'jpg', 'hehe123');
INSERT INTO ARTICLES(content, artdate, artphoto, extension, mid)  VALUES('마블리 팔뚝봐라','2019-03-22','1009', 'jpg', 'gigi123');
INSERT INTO ARTICLES(content, artdate, artphoto, extension, mid)  VALUES('비트코인?원스코인?','2019-03-26','1010', 'jpg', 'gigi123');
INSERT INTO ARTICLES(content, artdate, artphoto, extension, mid)  VALUES('꽃이이쁘네','2019-03-29','1011', 'jpg', 'gigi123');
INSERT INTO ARTICLES(content, artdate, artphoto, extension, mid)  VALUES('뷰가 좋네요.','2019-04-02','1012', 'jpg', 'gigi123');
INSERT INTO ARTICLES(content, artdate, artphoto, extension, mid)  VALUES('야경은 역시 야경','2019-04-09','1013', 'jpg', 'gigi123');
INSERT INTO ARTICLES(content, artdate, artphoto, extension, mid)  VALUES('달이 신기하네.','2019-04-10','1014', 'jpg', 'haha');
INSERT INTO ARTICLES(content, artdate, artphoto, extension, mid)  VALUES('빨주노초파남보','2019-04-11','1015', 'jpg', 'haha');
INSERT INTO ARTICLES(content, artdate, artphoto, extension, mid)  VALUES('꽃씨?','2019-04-12','1016', 'jpg', 'gigi123');
INSERT INTO ARTICLES(content, artdate, artphoto, extension, mid)  VALUES('피카츄?!','2019-04-12','10017', 'jpg', 'gigi123');
INSERT INTO ARTICLES(content, artdate, artphoto, extension, mid)  VALUES('어벤저스엔드게임ㅜㅜ아이언맨','2019-04-16','1001', 'jpg', 'gigi123');
INSERT INTO ARTICLES(content, artdate, artphoto, extension, mid)  VALUES('존윅간지','2019-04-17','1019', 'jpg', 'gigi123');
INSERT INTO ARTICLES(content, artdate, artphoto, extension, mid)  VALUES('아이언맨 이제 못보나요','2019-04-18','1020', 'jpg', 'haha');
INSERT INTO ARTICLES(content, artdate, artphoto, extension, mid)  VALUES('셜록홈즈','2019-04-22','1021', 'jpg', 'gigi123');
INSERT INTO ARTICLES(content, artdate, artphoto, extension, mid)  VALUES('손흥민 잘하자','2019-04-23','1022', 'jpg', 'gigi123');